/* REGIÕES */
INSERT INTO REGIAO (COD_REGIAO, NOM_REGIAO) VALUES (1,'REGIAO SUL'); 
INSERT INTO REGIAO (COD_REGIAO, NOM_REGIAO) VALUES (2,'REGIAO SUDESTE');                                                                                                                              
INSERT INTO REGIAO (COD_REGIAO, NOM_REGIAO) VALUES (3,'REGIAO CENTRO-OESTE');                                                                                                                         
INSERT INTO REGIAO (COD_REGIAO, NOM_REGIAO) VALUES (4,'REGIAO NORTE');                                                                                                                                
INSERT INTO REGIAO (COD_REGIAO, NOM_REGIAO) VALUES (5,'REGIAO NORDESTE');                                                                                                                             

/* UNIDADES FEDERATIVAS */
INSERT INTO UNIDADE_FEDERATIVA (SIGLA_UF, NOME_UF, COD_REGIAO) VALUES ('SP','SAO PAULO',2);
INSERT INTO UNIDADE_FEDERATIVA (SIGLA_UF, NOME_UF, COD_REGIAO) VALUES ('RJ','RIO DE JANEIRO',2);
INSERT INTO UNIDADE_FEDERATIVA (SIGLA_UF, NOME_UF, COD_REGIAO) VALUES ('MG','MINAS GERAIS',2);
INSERT INTO UNIDADE_FEDERATIVA (SIGLA_UF, NOME_UF, COD_REGIAO) VALUES ('ES','ESPIRITO SANTO',2);

/* CIDADES */
INSERT INTO CIDADE (CODCIDADE, NOMCIDADE, SIGLA_UF) VALUES (1, 'BATATAIS', 'SP');
INSERT INTO CIDADE (CODCIDADE, NOMCIDADE, SIGLA_UF) VALUES (2, 'RIBEIRAO PRETO', 'SP');
INSERT INTO CIDADE (CODCIDADE, NOMCIDADE, SIGLA_UF) VALUES (3, 'BRODOSQUI', 'SP');
INSERT INTO CIDADE (CODCIDADE, NOMCIDADE, SIGLA_UF) VALUES (4, 'SERTAOZINHO', 'SP');
INSERT INTO CIDADE (CODCIDADE, NOMCIDADE, SIGLA_UF) VALUES (5, 'SAO PAULO', 'SP');
INSERT INTO CIDADE (CODCIDADE, NOMCIDADE, SIGLA_UF) VALUES (6, 'RIO DE JANEIRO', 'RJ');
INSERT INTO CIDADE (CODCIDADE, NOMCIDADE, SIGLA_UF) VALUES (7, 'NITEROI', 'RJ');
INSERT INTO CIDADE (CODCIDADE, NOMCIDADE, SIGLA_UF) VALUES (8, 'NOVA IGUACU', 'RJ');
INSERT INTO CIDADE (CODCIDADE, NOMCIDADE, SIGLA_UF) VALUES (9, 'DUQUE DE CAXIAS', 'RJ');
INSERT INTO CIDADE (CODCIDADE, NOMCIDADE, SIGLA_UF) VALUES (10, 'ANGRA DOS REIS', 'RJ');
INSERT INTO CIDADE (CODCIDADE, NOMCIDADE, SIGLA_UF) VALUES (11, 'BELO HORIZONTE', 'MG');
INSERT INTO CIDADE (CODCIDADE, NOMCIDADE, SIGLA_UF) VALUES (12, 'MARIANA', 'MG');
INSERT INTO CIDADE (CODCIDADE, NOMCIDADE, SIGLA_UF) VALUES (13, 'TIRADENTES', 'MG');
INSERT INTO CIDADE (CODCIDADE, NOMCIDADE, SIGLA_UF) VALUES (14, 'OURO PRETO', 'MG');
INSERT INTO CIDADE (CODCIDADE, NOMCIDADE, SIGLA_UF) VALUES (15, 'TRES CORACOES', 'MG');
INSERT INTO CIDADE (CODCIDADE, NOMCIDADE, SIGLA_UF) VALUES (16, 'VITORIA', 'ES');
INSERT INTO CIDADE (CODCIDADE, NOMCIDADE, SIGLA_UF) VALUES (17, 'GUARAPARI', 'ES');
INSERT INTO CIDADE (CODCIDADE, NOMCIDADE, SIGLA_UF) VALUES (18, 'ARACRUZ', 'ES');
INSERT INTO CIDADE (CODCIDADE, NOMCIDADE, SIGLA_UF) VALUES (19, 'CAXOEIRO DO ITAPEMIRIM', 'ES');
INSERT INTO CIDADE (CODCIDADE, NOMCIDADE, SIGLA_UF) VALUES (20, 'VILA VELHA', 'ES');

/* CLASSIFICACAO DE PESSOAS */
INSERT INTO CLASSIFICACAOPESSOA (CODCLASSIFICACAOPESSOA, DSCCLASSIFICACAOPESSOA, IDFATIVO) VALUES (1, 'CLIENTE', 'S');
INSERT INTO CLASSIFICACAOPESSOA (CODCLASSIFICACAOPESSOA, DSCCLASSIFICACAOPESSOA, IDFATIVO) VALUES (2, 'FORNECEDOR', 'S');
INSERT INTO CLASSIFICACAOPESSOA (CODCLASSIFICACAOPESSOA, DSCCLASSIFICACAOPESSOA, IDFATIVO) VALUES (3, 'FUNCIONARIO', 'S');

/* PESSOAS */
INSERT INTO PESSOA (CODPESSOA, CODCLASSIFICACAOPESSOA, CODCIDADE, NOMPESSOA, ENDPESSOA, NUMPESSOA, COMPESSOA, IDFSITUACAO) VALUES (1, 1, 1, 'JOAO DA SILVA', 'RUA X', 150, NULL, 'A');
INSERT INTO PESSOA (CODPESSOA, CODCLASSIFICACAOPESSOA, CODCIDADE, NOMPESSOA, ENDPESSOA, NUMPESSOA, COMPESSOA, IDFSITUACAO) VALUES (2, 1, 1, 'JOAO DE SOUZA', 'RUA X', 150, NULL, 'A');
INSERT INTO PESSOA (CODPESSOA, CODCLASSIFICACAOPESSOA, CODCIDADE, NOMPESSOA, ENDPESSOA, NUMPESSOA, COMPESSOA, IDFSITUACAO) VALUES (3, 1, 1, 'JOAO DA SILVEIRA', 'RUA X', 150, NULL, 'A');
INSERT INTO PESSOA (CODPESSOA, CODCLASSIFICACAOPESSOA, CODCIDADE, NOMPESSOA, ENDPESSOA, NUMPESSOA, COMPESSOA, IDFSITUACAO) VALUES (4, 1, 2, 'JOSE DA SILVA', 'RUA X', 150, NULL, 'A');
INSERT INTO PESSOA (CODPESSOA, CODCLASSIFICACAOPESSOA, CODCIDADE, NOMPESSOA, ENDPESSOA, NUMPESSOA, COMPESSOA, IDFSITUACAO) VALUES (5, 1, 2, 'JOAQUIM DA SILVA', 'RUA X', 150, NULL, 'A');
INSERT INTO PESSOA (CODPESSOA, CODCLASSIFICACAOPESSOA, CODCIDADE, NOMPESSOA, ENDPESSOA, NUMPESSOA, COMPESSOA, IDFSITUACAO) VALUES (6, 1, 6, 'JOAO DE OLIVEIRA', 'RUA X', 150, NULL, 'A');
INSERT INTO PESSOA (CODPESSOA, CODCLASSIFICACAOPESSOA, CODCIDADE, NOMPESSOA, ENDPESSOA, NUMPESSOA, COMPESSOA, IDFSITUACAO) VALUES (7, 1, 6, 'ANTONIO DA SILVA', 'RUA X', 150, NULL, 'A');
INSERT INTO PESSOA (CODPESSOA, CODCLASSIFICACAOPESSOA, CODCIDADE, NOMPESSOA, ENDPESSOA, NUMPESSOA, COMPESSOA, IDFSITUACAO) VALUES (8, 1, 3, 'ANTONIO DE OLIVEIRA', 'RUA X', 150, NULL, 'A');
INSERT INTO PESSOA (CODPESSOA, CODCLASSIFICACAOPESSOA, CODCIDADE, NOMPESSOA, ENDPESSOA, NUMPESSOA, COMPESSOA, IDFSITUACAO) VALUES (9, 1, 3, 'MARIA DA SILVA', 'RUA X', 150, NULL, 'A');
INSERT INTO PESSOA (CODPESSOA, CODCLASSIFICACAOPESSOA, CODCIDADE, NOMPESSOA, ENDPESSOA, NUMPESSOA, COMPESSOA, IDFSITUACAO) VALUES (10, 1, 4, 'MARIA DE SOUZA', 'RUA X', 150, NULL, 'A');
INSERT INTO PESSOA (CODPESSOA, CODCLASSIFICACAOPESSOA, CODCIDADE, NOMPESSOA, ENDPESSOA, NUMPESSOA, COMPESSOA, IDFSITUACAO) VALUES (11, 2, 5, 'XYZ COMERCIO DE SECOS E MOLHADOS', 'RUA X', 150, NULL, 'A');
INSERT INTO PESSOA (CODPESSOA, CODCLASSIFICACAOPESSOA, CODCIDADE, NOMPESSOA, ENDPESSOA, NUMPESSOA, COMPESSOA, IDFSITUACAO) VALUES (12, 2, 9, 'JJ BEBIDAS', 'RUA X', 150, NULL, 'A');
INSERT INTO PESSOA (CODPESSOA, CODCLASSIFICACAOPESSOA, CODCIDADE, NOMPESSOA, ENDPESSOA, NUMPESSOA, COMPESSOA, IDFSITUACAO) VALUES (13, 2,10, 'MM SALGADOS', 'RUA X', 150, NULL, 'A');
INSERT INTO PESSOA (CODPESSOA, CODCLASSIFICACAOPESSOA, CODCIDADE, NOMPESSOA, ENDPESSOA, NUMPESSOA, COMPESSOA, IDFSITUACAO) VALUES (14, 2, 5, 'TA BARATO SACARIAS', 'RUA X', 150, NULL, 'A');
INSERT INTO PESSOA (CODPESSOA, CODCLASSIFICACAOPESSOA, CODCIDADE, NOMPESSOA, ENDPESSOA, NUMPESSOA, COMPESSOA, IDFSITUACAO) VALUES (15, 2, 8, 'MARIA PRESENTES', 'RUA X', 150, NULL, 'A');
INSERT INTO PESSOA (CODPESSOA, CODCLASSIFICACAOPESSOA, CODCIDADE, NOMPESSOA, ENDPESSOA, NUMPESSOA, COMPESSOA, IDFSITUACAO) VALUES (16, 3, 8, 'SETEMBRINO DA SILVA', 'RUA X', 150, NULL, 'A');
INSERT INTO PESSOA (CODPESSOA, CODCLASSIFICACAOPESSOA, CODCIDADE, NOMPESSOA, ENDPESSOA, NUMPESSOA, COMPESSOA, IDFSITUACAO) VALUES (17, 3, 7, 'MANOEL DA SILVEIRA', 'RUA X', 150, NULL, 'A');
INSERT INTO PESSOA (CODPESSOA, CODCLASSIFICACAOPESSOA, CODCIDADE, NOMPESSOA, ENDPESSOA, NUMPESSOA, COMPESSOA, IDFSITUACAO) VALUES (18, 3, 7, 'RAIMUNDO NONATO', 'RUA X', 150, NULL, 'A');
INSERT INTO PESSOA (CODPESSOA, CODCLASSIFICACAOPESSOA, CODCIDADE, NOMPESSOA, ENDPESSOA, NUMPESSOA, COMPESSOA, IDFSITUACAO) VALUES (19, 3, 1, 'MARCIA BITENCOURT', 'RUA X', 150, NULL, 'A');
INSERT INTO PESSOA (CODPESSOA, CODCLASSIFICACAOPESSOA, CODCIDADE, NOMPESSOA, ENDPESSOA, NUMPESSOA, COMPESSOA, IDFSITUACAO) VALUES (20, 3, 2, 'JOANA PRADO', 'RUA X', 150, NULL, 'A');

/* PESSOAS FISICAS */
INSERT INTO PESSOAFISICA (CODPESSOA, RGPESSOA, CPFPESSOA, IDFSEXO) VALUES (1, '0101010101', '0101010101', 'M');
INSERT INTO PESSOAFISICA (CODPESSOA, RGPESSOA, CPFPESSOA, IDFSEXO) VALUES (2, '2222222222', '2222222222', 'M');
INSERT INTO PESSOAFISICA (CODPESSOA, RGPESSOA, CPFPESSOA, IDFSEXO) VALUES (3, '3333333333', '3333333333', 'M');
INSERT INTO PESSOAFISICA (CODPESSOA, RGPESSOA, CPFPESSOA, IDFSEXO) VALUES (4, '4444444444', '4444444444', 'M');
INSERT INTO PESSOAFISICA (CODPESSOA, RGPESSOA, CPFPESSOA, IDFSEXO) VALUES (5, '5555555555', '5555555555', 'M');
INSERT INTO PESSOAFISICA (CODPESSOA, RGPESSOA, CPFPESSOA, IDFSEXO) VALUES (6, '6666666666', '6666666666', 'M');
INSERT INTO PESSOAFISICA (CODPESSOA, RGPESSOA, CPFPESSOA, IDFSEXO) VALUES (7, '7777777777', '7777777777', 'M');
INSERT INTO PESSOAFISICA (CODPESSOA, RGPESSOA, CPFPESSOA, IDFSEXO) VALUES (8, '8888888888', '8888888888', 'M');
INSERT INTO PESSOAFISICA (CODPESSOA, RGPESSOA, CPFPESSOA, IDFSEXO) VALUES (9, '9999999999', '9999999999', 'F');
INSERT INTO PESSOAFISICA (CODPESSOA, RGPESSOA, CPFPESSOA, IDFSEXO) VALUES (10, '1010101010', '1010101010', 'F');
INSERT INTO PESSOAFISICA (CODPESSOA, RGPESSOA, CPFPESSOA, IDFSEXO) VALUES (16, '1616161616', '1616161616', 'M');
INSERT INTO PESSOAFISICA (CODPESSOA, RGPESSOA, CPFPESSOA, IDFSEXO) VALUES (17, '1717171717', '1717171717', 'M');
INSERT INTO PESSOAFISICA (CODPESSOA, RGPESSOA, CPFPESSOA, IDFSEXO) VALUES (18, '1818181818', '1818181818', 'M');
INSERT INTO PESSOAFISICA (CODPESSOA, RGPESSOA, CPFPESSOA, IDFSEXO) VALUES (19, '1919191919', '1919191919', 'F');
INSERT INTO PESSOAFISICA (CODPESSOA, RGPESSOA, CPFPESSOA, IDFSEXO) VALUES (20, '2020202020', '2020202020', 'M');

/* PESSOAS JURIDICAS */
INSERT INTO PESSOAJURIDICA (CODPESSOA, INSCPESSOA, CNPJPESSOA) VALUES (11, '1111111111', '1111111111');
INSERT INTO PESSOAJURIDICA (CODPESSOA, INSCPESSOA, CNPJPESSOA) VALUES (12, '1212121212', '1212121212');
INSERT INTO PESSOAJURIDICA (CODPESSOA, INSCPESSOA, CNPJPESSOA) VALUES (13, '1313131313', '1313131313');
INSERT INTO PESSOAJURIDICA (CODPESSOA, INSCPESSOA, CNPJPESSOA) VALUES (14, '1414141414', '1414141414');
INSERT INTO PESSOAJURIDICA (CODPESSOA, INSCPESSOA, CNPJPESSOA) VALUES (15, '1515151515', '1515151515');

/* AMBIENTES */
INSERT INTO AMBIENTE (CODAMBIENTE, DSCAMBIENTE, IDFATIVO) VALUES (1, 'SALAO PRINCIPAL', 'A');
INSERT INTO AMBIENTE (CODAMBIENTE, DSCAMBIENTE, IDFATIVO) VALUES (2, 'PISCINA', 'A');
INSERT INTO AMBIENTE (CODAMBIENTE, DSCAMBIENTE, IDFATIVO) VALUES (3, 'TERRACO', 'A');

/* MESAS */
INSERT INTO MESA (CODMESA, CODAMBIENTE, QTDELUGARESMESA, IDFSITUACAO) VALUES (1, 1, 4, 'L');
INSERT INTO MESA (CODMESA, CODAMBIENTE, QTDELUGARESMESA, IDFSITUACAO) VALUES (2, 1, 4, 'L');
INSERT INTO MESA (CODMESA, CODAMBIENTE, QTDELUGARESMESA, IDFSITUACAO) VALUES (3, 1, 4, 'L');
INSERT INTO MESA (CODMESA, CODAMBIENTE, QTDELUGARESMESA, IDFSITUACAO) VALUES (4, 1, 4, 'L');
INSERT INTO MESA (CODMESA, CODAMBIENTE, QTDELUGARESMESA, IDFSITUACAO) VALUES (5, 1, 4, 'L');
INSERT INTO MESA (CODMESA, CODAMBIENTE, QTDELUGARESMESA, IDFSITUACAO) VALUES (6, 1, 4, 'L');
INSERT INTO MESA (CODMESA, CODAMBIENTE, QTDELUGARESMESA, IDFSITUACAO) VALUES (7, 1, 4, 'L');
INSERT INTO MESA (CODMESA, CODAMBIENTE, QTDELUGARESMESA, IDFSITUACAO) VALUES (8, 1, 2, 'L');
INSERT INTO MESA (CODMESA, CODAMBIENTE, QTDELUGARESMESA, IDFSITUACAO) VALUES (9, 1, 2, 'L');
INSERT INTO MESA (CODMESA, CODAMBIENTE, QTDELUGARESMESA, IDFSITUACAO) VALUES (10, 1, 2, 'L');
INSERT INTO MESA (CODMESA, CODAMBIENTE, QTDELUGARESMESA, IDFSITUACAO) VALUES (11, 2, 4, 'L');
INSERT INTO MESA (CODMESA, CODAMBIENTE, QTDELUGARESMESA, IDFSITUACAO) VALUES (12, 2, 4, 'L');
INSERT INTO MESA (CODMESA, CODAMBIENTE, QTDELUGARESMESA, IDFSITUACAO) VALUES (13, 2, 4, 'L');
INSERT INTO MESA (CODMESA, CODAMBIENTE, QTDELUGARESMESA, IDFSITUACAO) VALUES (14, 2, 4, 'L');
INSERT INTO MESA (CODMESA, CODAMBIENTE, QTDELUGARESMESA, IDFSITUACAO) VALUES (15, 2, 4, 'L');
INSERT INTO MESA (CODMESA, CODAMBIENTE, QTDELUGARESMESA, IDFSITUACAO) VALUES (16, 3, 4, 'L');
INSERT INTO MESA (CODMESA, CODAMBIENTE, QTDELUGARESMESA, IDFSITUACAO) VALUES (17, 3, 4, 'L');
INSERT INTO MESA (CODMESA, CODAMBIENTE, QTDELUGARESMESA, IDFSITUACAO) VALUES (18, 3, 4, 'L');
INSERT INTO MESA (CODMESA, CODAMBIENTE, QTDELUGARESMESA, IDFSITUACAO) VALUES (19, 3, 4, 'L');
INSERT INTO MESA (CODMESA, CODAMBIENTE, QTDELUGARESMESA, IDFSITUACAO) VALUES (20, 3, 4, 'L');

/* CATEGORIAS */
INSERT INTO CATEGORIA VALUES (1, 'HORTIFRUTIGRANJEIROS', 'S');
INSERT INTO CATEGORIA VALUES (2, 'CERVEJAS', 'S');
INSERT INTO CATEGORIA VALUES (3, 'REFRIGERANTES', 'S');
INSERT INTO CATEGORIA VALUES (4, 'SUCOS', 'S');
INSERT INTO CATEGORIA VALUES (5, 'PRATOS FRIOS', 'S');
INSERT INTO CATEGORIA VALUES (6, 'PRATOS QUENTES', 'S');
INSERT INTO CATEGORIA VALUES (7, 'SANDUICHES', 'S');

/* UNIDADES */
INSERT INTO UNIDADE VALUES (1, 'QUILO', 'S');
INSERT INTO UNIDADE VALUES (2, 'GRAMA', 'S');
INSERT INTO UNIDADE VALUES (3, 'UNIDADE', 'S');
INSERT INTO UNIDADE VALUES (4, 'PEÇA', 'S');
INSERT INTO UNIDADE VALUES (5, 'DUZIA', 'S');
INSERT INTO UNIDADE VALUES (6, 'LITRO', 'S');
INSERT INTO UNIDADE VALUES (7, 'MILILITRO', 'S');

/* CONVERSÃO DE UNIDADES */
INSERT INTO CONVERSAOUNIDADE VALUES (1, 2, 1000, 'S');
INSERT INTO CONVERSAOUNIDADE VALUES (6, 7, 1000, 'S');
INSERT INTO CONVERSAOUNIDADE VALUES (5, 3, 12, 'S');

/* PRODUTOS */
INSERT INTO PRODUTO VALUES (1, 3, 3, 'REFRIGERANTE DE GUARANA', 2.5, 'S');
INSERT INTO PRODUTO VALUES (2, 3, 3, 'REFRIGERANTE DE LARANJA', 2.5, 'S');
INSERT INTO PRODUTO VALUES (3, 3, 3, 'REFRIGERANTE DE LIMAO', 2.5, 'S');
INSERT INTO PRODUTO VALUES (4, 3, 3, 'REFRIGERANTE DE COLA', 2.5, 'S');
INSERT INTO PRODUTO VALUES (5, 5, 3, 'TABUA DE FRIOS', 25.90, 'S');
INSERT INTO PRODUTO VALUES (7, 7, 3, 'X-TUDO', 5.70, 'S');
INSERT INTO PRODUTO VALUES (8, 1, 2, 'QUEIJO', 9.9, 'S');

/* PRODUTOS INDUSTRIALIZADOS */
INSERT INTO PRODUTOEXTERNO VALUES (8, 1, 5, 1, 12, 3);

/* PRODUTO COMPOSTO POR */
INSERT INTO PRODUTOCOMPOSTO VALUES (5, 3, 2, 'S', 200);

